{
  "meta_title": "",
  "meta_description": "",
  "sections": [
    {
      "type": "banner-slider",
      "autoplay": 9000,
      "slides": [
        {
          "img": "/img/uploads/banner-intervia.jpg",
          "link": "",
          "alt": "",
          "start": "2020-04-11T05:54:06.750Z",
          "end": "",
          "mobile_img": "/img/uploads/banner-intervia.jpg"
        }
      ],
      "full_width": true
    },
    {
      "type": "collection-shelf",
      "shuffle": true,
      "collection_id": null,
      "limit": 8,
      "page": 1,
      "title": "OS MAIS LINDOS DA SEMANA",
      "sort": "news"
    },
    {
      "type": "responsive-banner",
      "img": "/img/uploads/rect8589.png",
      "mobile_img": "/img/uploads/rect8589.png"
    }
  ]
}